,title,published_date,views,likes,comments
0,Change Your Life by Journaling (My Ultimate Guide),2023-09-29,23391,2339,163
1,The Feel-Good Business Model: How to Make Money While Being Happy,2023-09-27,76971,3418,292
2,8 Simple Hacks to Improve Your Health,2023-09-22,203549,8165,307
3,Why you should work for free üßë‚Äçüíª,2023-09-22,35262,2734,11
4,The Problem with Discipline üòì,2023-09-20,70407,5923,93
5,My Most Productive Desk Setup Ever (2023),2023-09-19,190659,5954,275
6,You Are Not The Main Character ‚ùå,2023-09-19,26982,2001,20
7,Is happiness contagious? ü§ó,2023-09-18,18616,1234,13
8,How to Make Money Writing Online ‚úçÔ∏è,2023-09-17,29135,2019,21
9,Are you being present today?,2023-09-16,25822,1427,19
10,6 Side Hustles Students Can Start in 2023,2023-09-15,399002,20726,1307
11,How to move forwards in hard times üò¢,2023-09-15,29371,1815,16
12,A Powerful Quote from Marcus Aurelius üí≠,2023-09-14,24008,1818,18
13,Do you think you're a perfectionist? üò≥,2023-09-13,29564,1568,16
14,2 of my favourite productivity apps üßë‚Äçüíª,2023-09-12,40088,2381,21
15,One of My Favourite Productivity Books üìö,2023-09-11,31148,1929,18
16,The Relationship Life Dinner üçΩÔ∏è,2023-09-07,49670,3436,50
17,This editing tool will save you so much time üßë‚Äçüíª,2023-09-06,61145,5252,49
18,8 Powerful Laws of Success That Changed My Life,2023-09-05,392561,12650,301
19,How Eric Yuan Founded Zoom üßë‚Äçüíª,2023-09-04,29608,1699,15
20,8 Habits to Get Millions of YouTube Subscribers,2023-09-01,164789,7583,311
21,One of My Favourite Productivity Hacks ‚è∞ #ad,2023-08-31,65636,2323,42
22,The Incredible Story of Amelia Earhart üò±,2023-08-31,21304,1129,10
23,I Tried 137 Productivity Tools. These Are The Best.,2023-08-30,258375,8448,302
24,X vs Threads! Who wins‚ùì,2023-08-29,35172,1290,33
25,The Remarkable Story of Alan Rickman üêç,2023-08-28,49233,2819,28
26,What Kind of Dater Are You? üíò,2023-08-20,60190,2490,79
27,How To Remember Everything You Learn,2023-08-18,500948,18905,326
28,6 Tips to Get Started Dating Online üíï,2023-08-16,28319,793,33
29,How to Make Millions in Your 20s,2023-08-11,506479,23324,692
30,Stop Worrying About Early Success üò•,2023-08-10,103736,8554,79
31,"If I Started Youtube In 2023, I'd Do This",2023-08-07,146508,11455,57
32,The Ultimate App for Productivity #ad,2023-08-06,85564,4317,37
33,I Read 107 Productivity Books. Here's What Actually Works.,2023-08-04,602074,21269,483
34,The Myth of Failure ‚ùå,2023-08-03,150240,12805,74
35,12 Apps that Help Me Run a $4 Million Business,2023-08-02,183967,5081,1151
36,8 Simple Habits That Save Me 20+ Hours a Week,2023-07-31,586897,18345,286
37,4 Things I Wish I Knew in My 20s,2023-07-31,139032,13823,43
38,The World's First Computer Programmer üë©‚Äçüíª,2023-07-27,49746,2859,24
39,How to Finally Beat Procrastination,2023-07-25,391443,14778,413
40,4 Things I Wish I Knew in My 20s,2023-07-24,270628,26992,75
41,I have a huge announcement...ü•≥,2023-07-21,120375,11413,230
42,3 Tips to Achieve Flow State üß†,2023-07-20,107937,12196,25
43,I Have a Huge Announcement,2023-07-20,457646,19604,2110
44,The 4 Best Books About Money - Part 4 üìö,2023-07-17,88799,8176,24
45,7 Daily Habits that Improved My Relationship,2023-07-14,322375,11492,216
46,The 4 Best Books About Money - Part 3 üìö,2023-07-14,49718,4933,16
47,The 4 Best Books About Money - Part 2 üìö,2023-07-11,61916,6765,16
48,The 4 Best Books About Money - Part 1 üìö,2023-07-09,90396,9599,19
49,How to Make Money Writing Online ‚úçÔ∏è,2023-07-07,150863,13813,34
50,How to Start a YouTube Channel in 2023,2023-07-01,278448,11488,287
51,Gold Medal Syndrome ü•á,2023-06-29,585065,35775,1117
52,"I spent $50,000 on a business coach so you don‚Äôt have to",2023-06-28,446366,13012,293
53,How to find your Ikigai üòå,2023-06-26,160016,11988,76
54,The Sunk Cost Fallacy üòê,2023-06-22,91518,7715,61
55,This dopamine study is mind blowing üêÄ,2023-06-19,202769,15354,117
56,The Goal-Gradient Hypothesis üéØ,2023-06-15,98346,11200,61
57,Why you're so judgemental üëÄ,2023-06-12,99123,8654,50
58,The remarkable story of Oprah Winfrey ‚≠êÔ∏è,2023-06-08,45614,2615,32
59,The Planning Fallacy ‚è≥,2023-06-05,217824,19080,147
60,Turn down the dial of importance üíÜ,2023-06-01,65685,5984,49
61,The Best App for Small Business Owners and Creators #ad,2023-05-30,45281,2726,26
62,17 cheap purchases that save me time,2023-05-26,314278,9416,283
63,The Marshmallow Test üç°,2023-05-25,121949,8874,64
64,The Story of Albert Einstein üßë‚Äçüî¨,2023-05-22,301591,16237,116
65,These graphs are insane ü§Ø,2023-05-20,259576,25022,102
66,7 Life Lessons School Didn‚Äôt Teach You,2023-05-19,280619,13827,263
67,1.5 Hour Study With Me in Sweden (with music),2023-05-17,102834,2291,153
68,why you need to start helping yourself üôÅ,2023-05-16,214210,24006,146
69,What Does My Mum Think of Me? 4M Subscriber Q&A,2023-05-14,122472,4948,269
70,5 Steps to Start Your First Business,2023-05-10,526671,18721,303
71,The Ben Franklin Effect üë¥üèª,2023-05-09,192786,18794,99
72,Do you think you're a total worker?,2023-05-08,218694,15570,231
73,How to Get Millions of Subscribers in Your Spare Time,2023-05-07,445794,15655,574
74,The Circle of Competence üî¥,2023-05-06,101743,8405,28
75,Why stupid people think they're smart üëÄ,2023-05-05,168007,14242,98
76,What's in My Tech Backpack for Travel (2023),2023-05-03,171341,4573,191
77,John Grisham's Daily Writing Routine ‚úçÔ∏è,2023-05-02,147753,13126,42
78,What's on my iPhone 14 Pro,2023-04-30,461335,12516,344
79,6 Lessons I've Learned About Online Dating,2023-04-28,150141,4248,241
80,How to Improve Your Memory üß†,2023-04-28,276477,29717,81
81,How much dopamine do you get from sex?,2023-04-27,139299,7066,78
82,The Arrival Fallacy üèÜ,2023-04-26,238838,17155,334
83,The Science of Gut Health (& Why It Matters),2023-04-26,597596,21336,420
84,The Parable of the Empty Cup üç∂,2023-04-25,119068,13123,58
85,How I Manage My Time - The Trident Calendar System,2023-04-24,2271276,83563,1119
86,The Dichotomy of Control üò©,2023-04-23,419202,39906,172
87,Why this world famous violinist was ignored üéª,2023-04-21,352778,33246,183
88,The Value of Your First ¬£100 üí∞,2023-04-20,68611,3378,17
89,"If I Was a Student Again, I'd Do This",2023-04-19,969073,50538,394
90,The Story of Marcus Aurelius üìú,2023-04-18,145823,12870,56
91,The Superpowers of Young People ü¶∏,2023-04-17,69474,4543,13
92,How to Build a Website in 2023 (With No Code),2023-04-16,336531,9071,181
93,The Power of Batching üìù,2023-04-14,191767,20120,69
94,This Book Made Me Quit My Job (as a Doctor),2023-04-13,560755,18187,299
95,The Story of 1000 Beads üßø,2023-04-12,244242,29576,111
96,Jack's Paradox of Choice üò∞,2023-04-11,145728,13326,82
97,Leonardo Da Vinci's Biggest Secret ü§´,2023-04-09,230818,20946,117
98,7 Surprising Habits to Be a Millionaire by 30,2023-04-08,519294,26292,554
99,The Pareto Principle üë©‚Äçüåæ,2023-04-06,169215,13156,62
100,9 Business Lessons - How I Made $1.6m in 30 Days,2023-04-05,414330,17438,409
101,My 3 Favourite Ways to Journal #ad #sponsored,2023-04-05,68488,5304,23
102,The Placebo Effect ‚òïÔ∏è,2023-04-03,192171,15431,93
103,Jeff's Regret Minimisation Framework üí≠,2023-04-01,136821,11809,76
104,My Evidence-Based Braincare Routine,2023-03-31,281142,12843,260
105,My Plan to Grow My Business in 2023 - Life Update,2023-03-29,138253,4278,211
106,The Spotlight Effect üî¶,2023-03-28,428574,36490,250
107,How to Improve Your Focus üßò,2023-03-27,1320827,98067,318
108,6 AI Tools I Use to Boost My Productivity,2023-03-26,435017,13234,295
109,The Power of Journalling üìù,2023-03-25,229023,23295,84
110,This Browser Transformed My Productivity,2023-03-22,292313,17063,229
111,Why I Have 12 Full-Time Employees (as a YouTuber),2023-03-22,165324,5515,267
112,6 Money Tips in Under 60 Seconds üí∞,2023-03-21,401899,32443,112
113,The BEST Way to Make Coffee,2023-03-20,396605,19387,163
114,This Man Changed Productivity Forever #shorts,2023-03-18,218253,23210,69
115,My Evidence-Based Sleep Routine,2023-03-17,748967,33971,419
116,Why you're always tired,2023-03-16,633976,48882,313
117,How Dopamine Actually Works üß†,2023-03-15,314338,25956,173
118,Why you struggle to stay motivated.,2023-03-14,231183,9764,234
119,My Evidence-based Skincare Routine,2023-03-13,417136,27691,169
120,The Race to the South Pole üèÅ,2023-03-12,155047,14221,80
121,7 Habits that Save Me 3+ Hours a Day,2023-03-10,719501,23558,436
122,How Warren Buffet is worth $108 Billion,2023-03-09,131539,9525,59
123,The Region Beta Paradox ü§Ø,2023-03-06,1721069,137440,1036
124,The 5 Laws of Success üöÄ,2023-03-02,345381,35653,165
125,How to Stay Focused While Studying - Evidence-based Tips,2023-03-01,588381,24625,534
126,1955 was a golden year for tech billionaires,2023-02-28,338990,24327,129
127,The History of Stoicism üìú,2023-02-27,446769,46273,300
128,How to Invest for Beginners (2023),2023-02-26,785403,31315,3466
129,This Man has an IQ of 195 ü§Ø #shorts,2023-02-25,1332013,63529,556
130,Does a vertical monitor make you more productive? #shorts,2023-02-24,108656,4730,38
131,How JK Rowling created Harry Potter #shorts,2023-02-23,401741,27229,221
132,My Favourite MacBook Apps (2023),2023-02-22,620425,21833,414
133,The Halo Effect #shorts,2023-02-21,2810550,261579,1284
134,The Paradox of Choice #shorts,2023-02-20,361397,39218,181
135,The Pygmalion Effect #shorts,2023-02-19,611201,50740,256
136,The Matthew Effect #shorts,2023-02-18,216033,21313,244
137,Kindle Scribe Review (2023) - Best Kindle?,2023-02-17,229726,11456,287
138,The Top 5 Regrets of the Dying #shorts,2023-02-16,444977,47167,319
139,The Man in the Car Paradox #shorts,2023-02-15,367685,40027,208
140,"If I Started a YouTube Channel in 2023, I'd Do This",2023-02-14,2177926,113965,1815
141,The Goldilocks Rule #shorts,2023-02-13,468952,48090,174
142,The Parable of the Pottery Class #shorts,2023-02-11,423803,46441,165
143,The Parable of the Chinese Farmer #shorts,2023-02-08,923414,80372,822
144,The 4-Hour Work Week by Tim Ferris #shorts,2023-02-07,188004,16187,48
145,This Tip Will Make You More Productive #shorts,2023-02-06,113912,12412,49
146,How to overcome the fear of getting started.,2023-02-04,320082,15049,291
147,How to Always Be Motivated #shorts,2023-02-03,147019,18732,75
148,The Stockdale Paradox #shorts,2023-02-03,106855,9413,41
149,How to figure out what to do with your life #shorts,2023-02-02,224063,18554,60
150,The Best Book I've Ever Read about Business #shorts,2023-02-01,73939,7472,136
151,"Millionaire ""Don't invest your savings, do this instead""",2023-01-31,344244,14022,238
152,The Book That Most Changed My Life #shorts,2023-01-30,218622,23714,51
153,4 Books You Should Read in 2023,2023-01-28,475144,43825,143
154,Is luck the biggest factor of success? #shorts,2023-01-27,55235,4521,35
155,7 Side Hustles You Can Start in 2023,2023-01-26,1389147,47057,1605
156,6 MacBook apps you probably haven't heard of #shorts,2023-01-24,132376,8797,59
157,6 Productivity Tips to Level Up Your Life #shorts,2023-01-23,173970,19167,79
158,This Productivity Tip Makes Me 3x More Productive #shorts,2023-01-22,249677,19850,56
159,MKBHD on YouTube Vs TikTok #shorts,2023-01-20,67995,3755,20
160,My Productivity Desk Setup (Portable),2023-01-18,290547,7979,238
161,Dating App Scientist Number 1 Dating Tip  #shorts,2023-01-18,40441,1369,9
162,Neuroscientist on how journalling changes your brain #shorts,2023-01-17,72444,6152,27
163,Caspar Lee on the Struggles of Being a YouTuber #shorts,2023-01-16,35649,1276,23
164,The Science of Stress & How to Reduce It #shorts,2023-01-15,95428,6908,48
165,AI wrote this Short ü§ñ #shorts,2023-01-13,70438,4325,46
166,How to Find a Career You Genuinely Love,2023-01-12,852232,33974,409
167,Which business would Alex Hormozi start today? #shorts,2023-01-10,36999,1821,11
168,How To Decide Your Values For 2023 #shorts,2023-01-09,50950,3398,22
169,The problem with hustle culture #shorts,2023-01-08,64725,3863,51
170,How @LanaBlakely Grew To 1 Million Subscribers #shorts,2023-01-07,164969,9675,84
171,World Leading Expert On How To Beat Procrastination #shorts,2023-01-06,142577,17473,82
172,How I Earned Millions in 2022,2023-01-05,993494,37940,1339
173,A Multi-Millionaire's Advice on Starting a Business #shorts,2023-01-04,164562,12583,42
174,How to invest in an index fund #shorts,2022-12-31,62791,3265,25
175,3 purchases under $20 to boost your productivity pt.2 #shorts,2022-12-28,171929,11750,72
176,My Regrets about Quitting Medicine,2022-12-27,279739,7673,672
177,How to type at 156 words per minute #shorts,2022-12-26,81124,5131,21
178,MKBHD on how he got 16m subscribers #shorts,2022-12-24,1445439,79254,185
179,How to Become Luckier - An Evidence-Based Guide,2022-12-22,346129,14621,278
180,The Power of Cold Emails #shorts,2022-12-21,589023,45154,117
181,$100m CEO Alex Hormozi's advice for entrepreneurs #shorts,2022-12-19,366131,24518,74
182,The IKEA effect #shorts,2022-12-17,1097957,74561,401
183,How I Failed in 2022,2022-12-16,352390,13640,1514
184,Why Jeff Bezos still washes his dishes #shorts,2022-12-14,193602,12126,140
185,15 Incredible Books to Read in 2023,2022-12-13,810343,34379,588
186,Elon Musk's 6 rules for productivity #shorts,2022-12-11,686419,45639,349
187,Why You're Always Tired - 7 Myths Ruining Your Sleep,2022-12-09,5499347,156245,1958
188,3 purchases under $20 to boost your productivity #shorts,2022-12-08,130496,9808,32
189,my favourite MacBook app of all time #shorts,2022-12-07,108295,7019,72
190,The Stockdale Paradox #shorts,2022-12-06,2401627,140052,798
191,12 cheap purchases to boost your productivity,2022-12-05,947753,21925,354
192,No one cares about qualifications #shorts,2022-12-04,226196,19233,101
193,Top Tip for Public Speaking #shorts,2022-12-03,147573,11439,36
194,The Parable of the Mexican Fisherman #shorts,2022-12-02,777253,60576,449
195,How to Make Difficult Decisions (without overthinking),2022-11-30,391937,21668,274
196,When should you stop drinking coffee? #shorts,2022-11-29,83235,3878,37
197,How I Ranked 1st at Cambridge University #shorts,2022-11-28,385375,38712,75
198,Follow Your Passion is Terrible Advice. Here‚Äôs Why.,2022-11-27,827019,37761,810
199,The Diderot Effect #shorts,2022-11-25,2149112,138878,1506
200,12 Productivity Myths Wasting Your Time,2022-11-24,1078009,26825,383
201,6 life lessons in under 60 seconds #shorts,2022-11-23,955408,96936,272
202,What happened to these two brothers? #shorts,2022-11-22,4280105,321799,1068
203,Why Gear Doesn't Matter For Making YouTube videos #shorts,2022-11-21,58762,4858,28
204,The Real Truth About Productivity #shorts,2022-11-20,251121,25885,122
205,Why We Should Use Our Time More Intentionally #shorts,2022-11-19,462396,59183,181
206,How to Become a Digital Nomad,2022-11-17,747392,21762,411
207,This free app saves me 21 hours every month #shorts,2022-11-16,996929,67141,373
208,How One Cleaner Made $8 Million #shorts,2022-11-15,268322,18057,117
209,The Best App For Remembering Everything You Read üìö #shorts,2022-11-14,117298,10162,28
210,The Law of Diminishing Returns üìâ #shorts,2022-11-11,73503,5452,37
211,Which Kindle Should You Buy? üìñ #shorts,2022-11-10,191150,6369,77
212,Can an iPad replace your laptop? üíª #shorts,2022-11-09,161753,5553,34
213,How to Be Confident on Camera (5 Tips),2022-11-08,152944,6511,158
214,My Top 5 Books On Entrepreneurship üìö #shorts,2022-11-07,280557,29643,84
215,12 Podcasts That Changed My Life üéô #shorts,2022-11-06,589550,56463,161
216,My Bullet Journal Setup for Intentional Productivity üìî #shorts,2022-11-05,108585,8366,41
217,How To Build A Life You Love,2022-11-04,501258,18489,350
218,Should you upgrade to the iPhone 14? üì± #shorts,2022-11-03,84641,4580,60
219,Can I still type at 156 words per minute? ‚å®Ô∏è #shorts,2022-11-02,95381,6172,71
220,A Day in My Life as a YouTuber,2022-11-01,82848,3056,138
221,"Helicopters, Travel and Film Making - A Conversation with Becki and Chris",2022-10-28,22840,680,13
222,In Conversation with Charlie from Charisma on Command #ptya,2022-10-28,27202,985,33
223,"Brandon Sanderson on Writing, Storytelling and Fantasy Books",2022-10-28,28746,1367,35
224,I Asked 15 Experts For Life Advice. Here's What I Learned.,2022-10-26,356156,11643,209
225,8 Evidence-Based Tips that Helped Me Find Love,2022-10-17,481799,16484,455
226,How To Manage Your Time As A Student,2022-10-08,1268983,57659,445
227,My Productive 7.30am Morning Routine,2022-09-30,495519,18779,681
228,How to Retire in 10 Years (starting with $0),2022-09-24,358109,13073,378
229,My London Studio Tour (2022),2022-09-18,161710,5401,224
230,I Designed My Dream Product,2022-09-16,165689,6376,222
231,I Journaled Everyday for 90 Days. Here‚Äôs What I Learned.,2022-09-09,949331,29952,501
232,How To Find The Perfect Career - The 3 Part Decision Framework,2022-09-02,208060,8450,204
233,How to Earn Money Doing What You Love,2022-08-31,147990,6669,158
234,How to Make Money Online - The 3 Levels #shorts,2022-08-30,122460,9537,45
235,27 Critical Apps That Shaped My Life,2022-08-26,248028,8731,324
236,How I Stopped Overthinking,2022-08-23,407735,18904,524
237,How I Manage My Time - The System That Changed My Life,2022-08-19,568127,17184,435
238,The Best Book I've Ever Read about Morality,2022-08-16,199144,8269,320
239,Why You're Not Happy and What To Do About It,2022-08-12,267512,11430,349
240,How I Make $4 Million Per Year - The CBM Framework,2022-08-09,285845,11196,444
241,How to Figure Out What to Do With Your Life #shorts,2022-08-08,299030,24258,184
242,Why everyone should start an email newsletter,2022-08-05,417181,18391,499
243,5 Mistakes Procrastinators Make (And How To Avoid Them...),2022-08-02,226433,9743,305
244,How To Spend Money to Buy Happiness,2022-07-29,257308,11635,321
245,28 Life Lessons from 28 Years in 28 Minutes,2022-07-26,344560,15890,657
246,"How Much YouTube Paid Me For 10,000,000 Views",2022-07-22,386543,13287,543
247,How to Make Productivity More Fun,2022-07-20,224317,10641,325
248,How to Build the Ultimate Productivity System (2023),2022-07-14,2366552,73345,1381
249,5 Hacks for Better Sleep (2022) #shorts,2022-07-02,282816,18132,109
250,The Book That Changed How I Spend Money,2022-06-30,280870,10279,472
251,My Evidence-Based Skincare Routine,2022-06-28,5664842,181603,3333
252,The 3 Laws of Sustainable Productivity #shorts,2022-06-22,182777,19493,64
253,How to Organise your Life - Building a Second Brain,2022-06-21,2442396,78464,1139
254,"I Read 2,216 Resumes. Here‚Äôs How You Stand Out üöÄ",2022-06-14,424449,23153,647
255,The Secret To Making The PERFECT Coffee,2022-06-06,209716,5811,326
256,Why Buying Is Not Always Better Than Renting,2022-05-26,281489,9106,570
257,This Book Changed my Relationship with Time,2022-05-18,343174,11997,345
258,What Am I Doing With My Life?,2022-05-12,232658,6772,895
259,My $2.4m London Apartment Tour,2022-05-04,1746886,32520,2041
260,Investing Advice for Teenagers (2023),2022-04-29,695147,40365,1511
261,Who is Ali Abdaal? | Channel Trailer,2022-04-27,558551,9965,385
262,My 4-Step Framework for Learning With Audiobooks,2022-04-21,233830,8392,432
263,Real-Time Study With Me - 2 Hours With Music,2022-04-06,331804,7124,648
264,This Book Made Me a Happier Person,2022-03-30,516994,22777,748
265,My Productivity System (2023) ‚öôÔ∏èüß†,2022-03-25,1310699,34683,1122
266,My Bookshelf Tour + Recommendations,2022-03-21,621925,24309,2253
267,The Best Headphones To Buy in 2023 üéß,2022-03-16,1489052,32681,910
268,"Which iPad Should You Buy (2022) | Basic, Mini, Air, Pro or Pro 12.9",2022-03-11,1797600,46511,1436
269,How To Start a YouTube Channel - Beginner‚Äôs Guide to YouTube,2022-03-03,1680932,71264,2354
270,5 Financial Mistakes I've Made In The Last 10 Years,2022-02-28,229918,11134,449
271,How to Grow on YouTube - Live Stream with Ali Abdaal,2022-02-25,39314,1999,55
272,How I Ranked 1st at Cambridge University - 20 Study Tips,2022-02-23,1827613,73170,1138
273,7 Side Hustles You Can Start in 2022,2022-02-16,1456760,56793,1831
274,My Everyday Carry 2022,2022-02-10,499152,12676,585
275,How to Make Money Online,2022-02-04,538666,15330,1065
276,12 Podcasts that Changed My Life,2022-01-31,576238,22390,492
277,"Best Kindle for 2022 - Standard, Paperwhite, Signature, Oasis",2022-01-27,880335,23541,1125
278,My New Life Goals (2022),2022-01-21,309716,11290,779
279,15 Books To Read to Change Your Life,2022-01-07,892182,31377,739
280,21 Life Lessons I've Learned,2022-01-04,390735,16747,752
281,How Much Money I Spend as a YouTuber (2021),2021-12-24,307123,11354,774
282,5 Lessons from Atomic Habits in Under 60 Seconds #SHORTS,2021-12-21,1063499,96230,260
283,How Much Money I Make as a YouTuber (2021)üí∞,2021-12-16,1580490,59297,3650
284,The Book That Changed My Financial Life ü§ë,2021-12-09,3071078,96252,1801
285,Reflecting On My Fears - Day in the Life,2021-12-03,215808,9770,693
286,Why I Left Medicine... Forever,2021-11-30,809165,35708,5680
287,How I Run this YouTube Channel - Day in the Life,2021-11-13,214487,7556,615
288,This Book Changed my Love Life,2021-11-09,2258214,80372,2197
289,8 Lessons I Learned From Elon Musk,2021-10-29,535816,24507,554
290,Everything's Changing - Life Update,2021-10-20,398879,13732,2988
291,The Best Book I've Ever Read about Making Money,2021-10-08,1702487,61598,1296
292,Ali Abdaal - Live Stream Q&A,2021-10-08,0,0,0
293,How to ‚ÄòRead‚Äô 1000 Books a Year,2021-10-03,242386,9884,657
294,Why Positive Thinking is Bad for You,2021-09-29,160203,8185,497
295,A Productive 72 Hours in Monaco - Day in the Life Vlog,2021-09-26,117532,4725,305
296,How to Make Productivity Healthier,2021-09-19,250182,10725,623
297,The Easy Way to Achieve Your Goals,2021-09-15,384237,16786,488
298,My Journey of Self-Acceptance,2021-09-12,218566,9281,740
299,The Best Productivity Hacks of All Time,2021-09-08,683896,27081,1103
300,We broke up‚Ä¶,2021-09-03,911870,16319,1016
301,How to Start a Business from Nothing,2021-08-25,1442195,51951,1367
302,My Most Important Weekly Habit,2021-08-22,562737,21087,764
303,10 Rules I Follow Everyday,2021-08-18,764648,30501,652
304,I was an imposter for a day...here's what I learned.,2021-08-16,112435,4907,251
305,Revealing ALL My Investments at 27,2021-08-15,807363,25380,2070
306,How I Work for 15 hours and Not Get Bored,2021-08-11,880372,39327,839
307,"Dating, Regrets and Boxing - 2 Million Subscriber Q&A",2021-08-08,196172,6924,499
308,The Greatest Enemy of Success - Ego is the Enemy,2021-08-04,249575,11213,583
309,The Mindset Shift That Changed My Life,2021-08-01,481086,22341,675
310,How I Created a $3 Million Business Part Time,2021-07-28,498539,21317,1112
311,How I Type REALLY Fast (159 WPM) #shorts,2021-07-25,400222,22642,268
312,10 Tips for Better Sleep in 2023,2021-07-23,290750,14167,1135
313,Answering Uncomfortable Questions With My Personal Assistant,2021-07-18,1143436,28421,1906
314,How to Make Money Online - 6 Tips in 60 Seconds #shorts,2021-07-16,304294,16642,289
315,How much I spend in a month...,2021-07-14,189714,8550,811
316,How I ONLY Work 4 Hours a Day - How to Stay Focused,2021-07-11,628825,26200,950
317,6 Time Management Tips in Under 60 Seconds #Shorts,2021-07-09,598212,39723,217
318,How to Live more Intentionally,2021-07-07,218056,8954,496
319,Productivity for Lazy People - The RAD System,2021-07-04,482176,18923,812
320,"I Lost $54,932 Trading Bitcoin. Here's What I Learned.",2021-07-01,264268,9920,1940
321,How To Remember Everything You Read - 6 Tips in 60 Seconds #shorts,2021-06-27,1285306,67678,496
322,How to Learn Anything FASTER,2021-06-24,2137364,94027,1629
323,The Best iPad to Buy in 2021 - iPad Pro vs iPad Air vs iPad 8th Generation,2021-06-21,1063169,20243,1810
324,6 Passive Income Ideas in 60 Seconds #shorts,2021-06-18,645262,38963,657
325,How I Became A Better Speaker,2021-06-16,181061,9959,787
326,8 Surprising Habits That Made Me A Millionaire,2021-06-13,1264847,54526,1944
327,Why I'm Never Tired,2021-06-09,1845640,60773,1826
328,How I Built 9 Streams of Income By 23,2021-06-06,495551,20200,1027
329,The Key to Success on YouTube,2021-06-02,138092,7218,584
330,"Why I Spent $28,402 on Apple Products This Year",2021-05-30,459408,16099,1638
331,How To Figure Out What You Want To Do With Your Life,2021-05-26,355550,17368,800
332,5 Essential Tips for Long-Lasting Productivity,2021-05-21,1652232,56735,1762
333,My 2021 iMac Productivity Desk Setup,2021-05-18,366469,9667,939
334,GAME-CHANGER - NEW iMac Review (M1),2021-05-18,450075,11791,1140
335,My Favourite Tech for Reading Books - Kindle vs iPad vs Books vs Audiobooks,2021-05-13,1592173,36376,2233
336,What's in my Bag - My Everyday Carry (2021),2021-05-09,548334,16903,1013
337,"How I Organize My Life - The ""LAZI"" Productivity System",2021-05-05,834710,25137,942
338,How I Type INSANELY Fast (160 WPM) - The Best Keyboards for Fast Typing,2021-05-03,1351065,26665,1837
339,How I Became REALLY Confident,2021-04-30,456554,20419,1246
340,My NEW Gaming PC Setup #shorts,2021-04-25,459831,16924,1189
341,The 4 Hobbies that Improved my Life,2021-04-22,358803,13677,981
342,How I Manage My Time - 10 Time Management Tips,2021-04-18,4348676,167374,2688
343,9 Passive Income Ideas - How I Make $27k per Week,2021-04-15,13003639,396292,17894
344,How To Build A Website in 2023,2021-04-11,1800340,58246,1741
345,The KEY to Staying Motivated #shorts,2021-04-09,359546,23273,397
346,My Home Tech Tour (2021),2021-04-07,271587,9414,770
347,9 Lessons From My Favourite YouTuber,2021-04-04,169684,7541,685
348,How To Get Work Done AND Enjoy It! #shorts,2021-04-03,293584,17176,342
349,How to Beat Procrastination,2021-03-31,1547161,62424,1494
350,My Favourite iPhone Apps - 2021,2021-03-28,327171,8799,687
351,My Toxic Relationship With Productivity,2021-03-24,296880,13914,3226
352,"Relationships, Annoying Habits and More - Q&A with my Housemate",2021-03-21,469963,15337,1577
353,Is Learning to Rap Useful?,2021-03-17,155066,7158,1430
354,Why I Left Medicine (And Why I'm Going Back),2021-03-14,474981,20709,2009
355,Bitcoin for Beginners (2022),2021-03-11,804102,23030,13356
356,A STUPENDOUSLY Productive Day in my Life,2021-03-08,171130,7223,977
357,How to Get Over a Productivity Slump #shorts,2021-03-06,236429,10575,395
358,My Favourite Mac Apps (2021) - What's on my Macbook Pro,2021-03-04,638348,13764,680
359,10 cheap purchases that improved my life,2021-02-28,2250711,70268,1308
360,i wasted the last 6 months of my life...,2021-02-24,400405,15547,1481
361,I Slept With My Mouth Taped Shut for 30 Days,2021-02-21,1213629,30553,2100
362,My INSANELY PRODUCTIVE Valentine's Day,2021-02-18,497563,20120,1902
363,The Book That MOST Changed My Life,2021-02-14,757075,25911,1009
364,21 Life Lessons for Teenagers,2021-02-10,3732400,261499,3477
365,How I Learnt To Play Piano and Sing,2021-02-07,153783,7936,1014
366,How Writing Online Made me a Millionaire,2021-02-04,2696160,114208,3304
367,How To Beat Imposter Syndrome,2021-01-31,351160,20333,8280
368,The Most PRODUCTIVE Desk Setups on YouTube | 2021,2021-01-27,503129,14435,1164
369,My Favourite iPad Productivity Apps (2021),2021-01-24,1140807,23963,897
370,A RIDICULOUSLY Productive Day in my Life,2021-01-20,333133,13853,1324
371,My Top 10 Tips for Aspiring YouTubers,2021-01-17,897068,56294,6881
372,My Productivity Desk Setup,2021-01-14,1906753,44832,1942
373,Does money REALLY buy happiness?,2021-01-10,142341,7167,925
374,My PRODUCTIVE Bucket List (2021),2021-01-06,278961,9798,1429
375,The Most PRODUCTIVE Thing I Do Each Year,2021-01-03,244983,9513,669
376,I WAS WRONG - How I Set Goals,2020-12-31,590065,28289,1034
377,How Much Money I Earn as a Doctor + YouTuber,2020-12-28,1678108,65008,11298
378,My INSANELY Productive Christmas Day,2020-12-26,367279,19876,1800
379,15 Books To Read This Year,2020-12-24,850958,30845,829
380,PRODUCTIVE Day in the Life of an Aspiring Gymshark Athlete,2020-12-22,163906,5919,567
381,20 Lessons that Improved My Life,2020-12-20,725743,25558,1025
382,"Stress, Regrets and Inspirations - Q&A with Kharma Medic",2020-12-17,112040,4319,323
383,How Twitter Changed my Life #Shorts,2020-12-16,130822,4468,144
384,"Love, Money and Relationships - Answering your Assumptions",2020-12-13,309952,10025,883
385,How to ACTUALLY Make Money Online #Shorts,2020-12-08,171365,8225,316
386,1400 MILE Road Trip in the Tesla Model 3,2020-12-06,247510,6915,595
387,Tough Choice - M1 Macbook Air vs Macbook Pro (2020),2020-12-01,930100,18793,1272
388,iPad Air Review - Productivity Powerhouse,2020-11-26,613551,14491,919
389,Upgrading my Productivity Desk Setup (2020),2020-11-25,885790,16236,668
390,"A ""Productive"" Day in my Life (Lockdown)",2020-11-24,378084,13791,1013
391,My PRODUCTIVE Apartment Tour (2021),2020-11-22,647621,18829,1863
392,My New Daily Driver - M1 Macbook Pro (2020) Review,2020-11-20,323572,8144,720
393,Perfection - M1 MacBook Air (2020) Review,2020-11-18,640616,15294,1033
394,M1 Macbook Air Unboxing #shorts,2020-11-17,455560,11706,430
395,How I Gained 1 MILLION Subscribers,2020-11-15,230595,11161,2745
396,Kindle Oasis Review in 60s #SHORTS,2020-11-13,350329,10669,372
397,A Productive Day on Vacation in the Canary Islands,2020-11-11,147536,6339,771
398,How to SPEED READ,2020-11-03,506654,21653,1075
399,Think Like a Monk - @jayshetty2758 - Summary + Key Points,2020-10-27,154455,5238,436
400,The 5 Key Principles of Productivity,2020-10-21,344197,13991,539
401,How I Bought a Brand New Tesla Half Price,2020-10-18,582510,19781,1277
402,Revamping My Living Room - Day In The Life,2020-10-14,289995,9331,677
403,How to Invest for Beginners,2020-10-11,8829549,312685,22640
404,How I Remember Everything I Read,2020-10-08,2870637,114016,2931
405,My BIGGEST Rejections in Life,2020-10-04,662910,26496,1448
406,What's on my iPhone - Favourite iPhone Apps ft. @KharmaMedic,2020-10-01,353507,12186,861
407,How to see opportunities in EVERYTHING // The Obstacle is the Way,2020-09-29,171318,7649,334
408,Collecting My Tesla Model 3 - Day In The Life,2020-09-27,409455,15450,1065
409,How Stoicism Made Me Happier,2020-09-25,307171,15924,654
410,The Book That Changed My Relationship With Money,2020-09-23,393389,14690,399
411,Code with Me - My New Website Design,2020-09-21,131607,2371,156
412,The 5 Magical Apps That Changed My Life,2020-09-18,1913853,56496,1673
413,How to make money on YouTube in 2021 (and how much I earn),2020-09-09,432876,16847,1254
414,"Gymshark, Inspirations & Pet Peeves - ONE MILLION Subscribers Q&A",2020-09-01,166422,8315,914
415,What motivates us in life?,2020-08-25,271414,11362,638
416,The Perfect Note-Taking App,2020-08-23,753314,19409,1143
417,The Second Brain - A Life-Changing Productivity System,2020-08-20,1297611,43305,985
418,How I Type REALLY Fast (156 Words per Minute),2020-08-18,10047529,322308,13332
419,Study with Me - Hustle & Chill,2020-08-11,199227,6571,451
420,The Happiness Advantage (Shawn Achor) - Book Summary,2020-08-09,139638,7037,421
421,My Last Day as a Doctor - Reflections,2020-08-06,776432,24187,1982
422,How to Make Money from your Passion,2020-08-04,99502,3831,211
423,How to Stop Procrastinating,2020-07-28,960398,42812,1668
424,The Surprising Benefits of Gaming,2020-07-26,184527,8088,716
425,My INSANELY Productive Morning Routine,2020-07-24,1353898,52691,2646
426,How I Organise My Life,2020-07-21,294275,6205,638
427,Day in the Life as a Doctor (Gynaecology),2020-07-17,493172,13961,623
428,Is Success Luck or Hard Work?,2020-07-14,195457,8781,424
429,What We Learnt In 2 Years of Being Doctors - Deep Dive with Molly Hunt,2020-07-13,140921,2347,166
430,One Simple Habit that Changed My Life,2020-07-12,561727,16138,1793
431,My Creative Workflow with Notion,2020-07-07,655730,17153,683
432,How To Find Opportunities EVERYWHERE,2020-07-06,110346,4922,312
433,I'm Moving to America üá∫üá∏ - Life Update,2020-07-03,753751,23971,4505
434,Why Motivation is a Myth,2020-07-01,423099,20922,742
435,My Simple Productivity System - The Equation,2020-06-28,169381,7306,422
436,My Favourite Productivity Book of All Time,2020-06-23,837327,27707,593
437,A HUGE Unboxing Day,2020-06-21,138335,4541,471
438,How To Boost Productivity Without Apps,2020-06-17,191660,7148,404
439,Is Reading Fiction Books Good for You?,2020-06-14,522427,29996,1379
440,"Crushes, Challenges and Irritating Habits - Q&A With My Roommate Molly",2020-06-12,434208,10048,809
441,"Music, Reading and Note-Taking - Productive Day in the Life",2020-06-10,168173,5746,456
442,My Favorite Mechanical Keyboard - IQUnix F96 Coral,2020-06-07,737867,14178,1185
443,5 Lessons I've Learned about Racism,2020-06-05,139035,10681,1177
444,All the Apps I Use in a Day,2020-06-03,703135,20467,1350
445,How I Ranked 1st at Cambridge University - My Secret,2020-05-29,327057,8376,441
446,"Studying, Cooking and Netflix | Day in the Life During Lockdown",2020-05-26,275334,9474,744
447,How To Make Money Online - The 3 Levels,2020-05-19,1457717,60008,3173
448,My Productive Birthday in Lockdown - Day in the Life Vlog,2020-05-17,319512,11205,1103
449,Apple Fanboy Reacts to Microsoft Surface Go 2,2020-05-15,390061,6609,1925
450,I Tried Making a Viral Video - Day in the Life VLOG,2020-05-12,177985,5073,538
451,"Tiny Changes, Remarkable Results - Atomic Habits by James Clear",2020-05-10,2899242,104866,2034
452,My Favourite Mac Apps in 2020 | What's on my MacBook Pro?,2020-05-05,783565,18202,1139
453,How Much Money I Earn in a Week as a Doctor & YouTuber,2020-05-01,2099086,84863,4303
454,"Productivity, Books and Careers Advice - Ali Abdaal x Noah Kagan // Deep Dive",2020-04-29,65852,1942,143
455,Real-Time Study With Me - 3.5 Hours With Music,2020-04-28,1553338,21188,1364
456,What Makes People Successful?,2020-04-26,2747752,111764,2485
457,This is Incredible - iPad Pro Magic Keyboard Impressions,2020-04-23,464410,10748,1076
458,HEAD TO HEAD - iPad Pro vs MacBook Air (2020),2020-04-20,467836,9021,829
459,Productive Day in the Life in Lockdown // Behind the Scenes of my iPad Pro Videos,2020-04-19,254646,6879,450
460,Answering your Questions,2020-04-17,106548,4350,393
461,Study With Me in the French Alps - USMLE Preparation,2020-04-14,194315,5359,521
462,My New Favourite Laptop - MacBook Air 2020 Review,2020-04-11,1058961,16037,1426
463,I WAS WRONG - iPad Pro 11 vs. 12.9 inch,2020-04-09,2405872,39778,2987
464,A Productive Day in Isolation,2020-04-07,223091,7052,605
465,How to Study for Exams - My NEW Masterclass // Behind the Scenes,2020-03-31,350851,10673,562
466,Improve your Reading + My New Favourite Pen,2020-03-30,117350,3532,229
467,iPad Pro 2020 Review - Overkill,2020-03-28,393282,9339,975
468,Unboxing the New 2020 iPad Pro | 11 & 12.9 Inch Versions,2020-03-26,158925,5726,494
469,How to be More Productive in Lockdown,2020-03-24,422699,16978,732
470,10 Tips for COVID-19 (Coronavirus) - Advice from a Respiratory Physician,2020-03-23,98986,2710,187
471,Interviewing a Writer // Day in the Life VLOG,2020-03-22,82134,2855,170
472,Is Coffee Good For You?,2020-03-19,246764,9189,807
473,The KEY Study Techniques for Exam Success,2020-03-13,352754,8102,299
474,CORONAVIRUS vs. The Flu - A Comparison,2020-03-11,217672,7009,742
475,CORONAVIRUS (COVID-19) - The Basics,2020-03-07,208618,8884,677
476,Study With Me - Weekend on-call,2020-03-06,150528,4419,230
477,Medical School Meme Review,2020-03-04,89555,2875,193
478,My Favourite Note-Taking App for Students - Notion (2020),2020-02-28,1984025,65089,1590
479,(Un)productive Day in the Life as a Doctor,2020-02-20,255651,8467,418
480,Top 5 Revision & Study Tips for Students,2020-02-13,181445,9226,333
481,How Much Money I Spend in a Week as a 25 Year Old Doctor,2020-02-05,682359,18494,1808
482,48h Study With Me + Highlighting Tips,2020-01-29,294979,9251,468
483,A Productive Day in the Life vlog,2020-01-21,450101,15160,544
484,My Favourite iPad Pro Apps (2020),2020-01-14,871958,17599,767
485,15 Lessons that Improved My Life,2020-01-07,878202,33293,895
486,Study With Me - British Airways Business Class,2019-12-31,548388,13371,686
487,My Annual Review using Notion,2019-12-27,225964,5401,261
488,Why I'm Giving 10% of my Income to Charity,2019-12-25,77219,3737,352
489,Reading Mean Comments,2019-12-21,479441,15178,1068
490,Study With Me - A Super Productive Day,2019-12-17,478568,13363,760
491,What's on my iPhone 11 Pro Max (2020),2019-12-11,262059,5496,417
492,Day in the Life as a Doctor,2019-12-06,1088473,27808,1018
493,How my friend ranked 1st at Medical School - The Active Recall Framework,2019-11-26,1689913,84435,2783
494,Study with Me + How I Learn New Content,2019-11-20,371716,13005,497
495,"Arrogance, Expectations & Inspiration - Personal Q&A with my Brother | Ali & Taimur Abdaal",2019-11-14,431605,10990,803
496,Ô£ø iPhone 11 & 11 Pro - Review,2019-11-06,91269,3096,333
497,AirPods Pro Unboxing!,2019-10-31,145787,3795,324
498,How I Read 100 Books a Year - 8 Tips for Reading More,2019-10-30,1683851,62822,2043
499,Study with Me + How I take Notes,2019-10-24,684147,17850,715
500,How I use Notion as a Resonance Calendar,2019-10-19,617717,16496,637
501,Do students need an iPad or a MacBook?,2019-10-14,497775,12409,667
502,How I Built a Million Dollar Business in Medical School - 10 Tips for Entrepreneurs,2019-10-09,588616,25778,747
503,iPhone 11 vs iPhone 7/8/X/XR/XS - Real world camera comparison,2019-10-01,569078,13724,788
504,Ready Player One + 'My First Million' - Monthly Favourites #12,2019-09-24,61692,1893,481
505,My Favourite Productivity App for Students - Notion,2019-09-17,1305062,33107,887
506,My Productivity Desk Setup,2019-09-13,2399795,44467,1259
507,Life Advice Q&A with my Brother,2019-09-06,249986,6712,427
508,"Building the perfect desk setup - 49"" Ultrawide Monitor + Standing Desk",2019-08-31,228004,4765,302
509,How to Film YouTube Videos on Your Phone,2019-08-29,578327,27009,635
510,The Best iPad Screen Protector - Paperlike V2,2019-08-23,212920,3022,268
511,"Money, Relationships and Hair Loss - Answering your Assumptions",2019-08-16,872061,29505,1891
512,Smart Passive Income + The Third Door - Monthly Favourites #11,2019-08-06,75838,2386,670
513,General Surgery - A Day in the Life - Junior Doctor Vlog,2019-08-02,100039,3169,198
514,How I Manage my Time as a Doctor + YouTuber - 9 Time Management Tips,2019-07-26,1612204,61789,1621
515,The World's Smartest Notebook - Rocketbook Everlast Review,2019-07-23,200202,5487,1982
516,iPad vs Kindle for Reading Books,2019-07-10,736939,16099,756
517,AWAY Weekender Bag Review,2019-07-05,80692,1708,139
518,Monthly Favourites #10 - Ali Abdaal,2019-07-02,85485,2620,790
519,How I Make My YouTube Videos,2019-06-29,168666,5284,270
520,How I use my iPad Pro as a Doctor,2019-06-26,279057,6515,357
521,My Favourite Fantasy Books,2019-06-20,88506,3130,186
522,How to Study for Exams - The STic Framework for Effective Learning,2019-06-16,928150,43990,762
523,Harry Potter - Medical Science Explained,2019-06-12,67850,4376,420
524,Top 14 Funniest Moments from Apple WWDC 2019,2019-06-07,29217,912,73
525,My 7 Favourite iPad OS Features - Apple WWDC 2019,2019-06-05,138261,3991,276
526,Top 5 Highlights from Apple's WWDC 2019 Keynote,2019-06-05,24089,886,83
527,iPad Mini Review - The Perfect Consumption Device,2019-06-04,177336,3865,271
528,Monthly Favourites #9 - Ali Abdaal,2019-05-31,45605,1640,351
529,How to Spin a Pen - Thumb Around Pen Spinning Tutorial (2019),2019-05-28,666374,18399,1750
530,My Geriatric Medicine Placement - Junior Doctor Vlog #02,2019-05-27,41730,1366,134
531,Study with Me + Anki Flashcard Method - Ali Abdaal,2019-05-21,1307010,33240,1072
532,The Best Productivity Apps for Students,2019-05-18,684406,17523,384
533,Amazon Kindle vs Kindle Paperwhite,2019-05-07,310849,8091,412
534,Monthly Favourites #8 - Ali Abdaal,2019-05-02,61886,2430,405
535,Which iPad should you buy - Analysis of iPad Pro vs iPad Air vs iPad Mini vs iPad,2019-04-23,1741366,71824,2848
536,Medical Mission in Sudan - Life as a Junior Doctor,2019-04-16,61559,4248,228
537,How I ranked 1st at Cambridge University - The Essay Memorisation Framework,2019-04-09,8681647,305692,6301
538,What's in my Camera Bag - My YouTube  + photography travel gear,2019-04-02,71625,2153,98
539,Monthly Favourites #7 - Ali Abdaal,2019-03-30,55133,1828,365
540,Recommended Tech for Students üéßüì±,2019-03-26,699231,20390,602
541,Littman Cardiology IV - Stethoscope Review,2019-03-18,229722,3830,194
542,Apple Watch Series 4 Review,2019-03-05,68799,2488,171
543,How to study for exams - The Retrospective Revision Timetable,2019-02-24,1274157,64187,1654
544,iPad Pro Smart Keyboard Folio Review - My favourite typing experience of all time,2019-02-18,406807,5661,463
545,Valentine‚Äôs Day Live Stream,2019-02-14,28109,483,35
546,3 Books that Changed my Life,2019-02-11,1149518,40920,1012
547,THE BEST EARPHONES - Apple AirPods Review,2019-02-07,66267,2095,253
548,How to Study for Exams with Google Sheets,2019-01-31,567263,20545,820
549,My Favourite iPad Pro Apps,2019-01-20,655944,13004,584
550,Doctors sing How to Save a Life - Acoustic cover,2018-12-29,70020,2428,155
551,Study Tips - How to learn new content,2018-12-22,1535129,60903,1216
552,"Desk Setup Upgrade - 35"" UltraWide Monitor | Life as a Junior Doctor",2018-12-16,67787,1873,132
553,Ask Doctor Ali - 100k subscribers Q&A,2018-12-08,86857,2541,199
554,What's in my Bag - Junior Doctor Everyday Carry,2018-12-03,288766,7494,286
555,Study with Me + Active Recall tips | Life as a Junior Doctor,2018-11-29,546925,15826,523
556,Study with Me - Resuscitation Training | Life as a Junior Doctor,2018-11-23,185031,4964,229
557,iPad Pro 2018 Review - Should you buy it?,2018-11-19,342170,8059,840
558,AFP Interview Preparation - The personal interview | Academic Foundation Programme,2018-11-05,15223,300,37
559,My Favourite iPhone XS Apps,2018-11-01,211198,5613,332
560,Study With Me - Scoping the Subject ft. Just Eat,2018-10-29,246260,6905,306
561,iPhone XS Max Review - Is it worth it?,2018-10-25,88332,2479,334
562,My Study Method + Revision Tools - Cambridge junior doctor,2018-10-21,438705,15842,479
563,The best iPad Screen Protector - PaperLike Review,2018-10-16,255268,3406,275
564,How to be a good junior doctor (ft. That Medic),2018-10-13,32368,1091,47
565,iPad vs Macbook for Students - Can a tablet replace your laptop?,2018-10-10,336529,11254,467
566,Boosted Board Mini S - First Look,2018-10-09,17875,544,39
567,Critical Appraisal for medical interviews - Preparing for AFP (Academic Foundation Programme),2018-10-08,12919,261,17
568,BMAT Physics - Electricity + Formulae | BMAT Crash Course Online,2018-10-04,33822,842,55
569,Is university worth it? The non-academic value of university,2018-10-01,27652,1050,104
570,My Productivity Desk Setup,2018-09-26,1109792,22475,685
571,Graduate Entry Medicine - A comprehensive guide + Q&A,2018-09-24,84926,2655,116
572,Study Tips for First Year Medical Students,2018-09-15,586852,21928,644
573,My new podcast - Microphone setup + reflections,2018-09-11,22374,688,69
574,The confidence to speak up in class - A podcast experiment,2018-09-01,35063,1425,89
575,Monthly Favourites #6 - Ali Abdaal,2018-08-30,21059,544,65
576,My Favourite Mac Apps - What's on my Macbook Pro,2018-08-28,207522,4818,277
577,Clinical Emergency Scenarios - AFP Interview preparation | Academic Foundation Programme,2018-08-27,23912,398,18
578,Answering personal questions - 50k subs Q&A,2018-08-24,144409,3559,304
579,Studying Medicine in Eastern Europe - A comprehensive guide,2018-08-20,107639,2647,447
580,My first evening shift - Junior Doctor Vlog #01,2018-08-19,62796,2042,161
581,University Freshers - 5 Top Tips (2018),2018-08-15,54569,1590,84
582,Academic Foundation Programme (AFP) - Why should you apply?,2018-08-13,19398,414,17
583,Reapplying to Medicine (UK) - A comprehensive guide,2018-08-06,27604,957,56
584,"James Arthur - ""Say You Won't Let Go"" | Acoustic cover ft. Matticus Vlogs",2018-08-05,42750,1296,120
585,Life Advice - 50k subs Q&A,2018-08-03,103659,4439,301
586,A year on YouTube - Channel / life update,2018-07-23,23308,1201,182
587,Wilderness Medicine in Dorset - Cambridge University medical student VLOG #40,2018-07-14,21261,670,77
588,Final year exam results - Cambridge University medical student VLOG #39,2018-07-09,86519,2994,256
589,My University Room Tour 2018 - Cambridge medical student accommodation,2018-07-03,142302,3269,198
590,My first camera stabiliser - Zhiyun Crane v2 gimbal review,2018-06-20,14722,359,58
591,Monthly Favourites #5 - Ali Abdaal,2018-06-17,19469,594,44
592,Live Stream - Tuesday Evening Hangout,2018-06-12,36749,533,28
593,Study with me + The Magic of Categorisation - Cambridge University medical student VLOG #38,2018-06-12,189334,5483,202
594,iPad Pro vs iPad (2018) comparison for college / university students,2018-06-09,335785,17275,735
595,A day in med school in the Caribbean - St George's University Grenada | Cambridge medic VLOG #37,2018-06-08,66906,1566,93
596,How I take notes on my iPad Pro in medical school - Cambridge University medical student,2018-06-02,6055724,115788,4910
597,"Coldplay - ""Yellow"" | Acoustic cover ft. Zobia Haq",2018-06-01,32364,780,48
598,Live Stream - Hangout,2018-05-29,13625,304,21
599,Study with Me + How I take notes - Cambridge University medical student VLOG #36,2018-05-28,90206,2449,130
600,Behind the scenes of Cambridge University Medical School - Med student VLOG #35,2018-05-24,51592,1493,84
601,Study with me + More revision tips - Cambridge University medical student VLOG #34,2018-05-21,230199,5541,250
602,Monthly Favourites #4 - Ali Abdaal,2018-05-14,15611,556,90
603,"Live Q&A + Hangout - Bank Holiday vibes - Ali Abdaal, Cambridge medical student",2018-05-07,27907,506,30
604,Medical Rap ft. Omar Ali - Cambridge University medical student VLOG #33,2018-05-06,17405,689,83
605,Exam Study Tips for University & A-Level students - Revision Q&A with Cambridge students,2018-05-02,107777,3685,165
606,First Live Hangout + Rapid-fire Q&A,2018-05-01,24140,449,29
607,We Just Can‚Äôt Wait to Begin - The Prion King | Addenbrooke‚Äôs Hospital Pantomime 2018,2018-04-29,9879,230,26
608,Study with Me + Revision tips from friends - Cambridge University medical student VLOG #32,2018-04-24,131461,4093,280
609,Study With Me + 10 Productivity / Revision Tips - Cambridge University medical student VLOG #31,2018-04-18,322074,8777,351
610,Monthly Favourites #3 - Ali Abdaal,2018-04-16,15509,602,65
611,"Last Minute Study Tips, Flashcards, Essays & Maths - Exam Revision Q&A with Cambridge students",2018-04-14,222204,7738,344
612,"Motivation, Stress & Time Management - Exam Revision Q&A with Cambridge students",2018-04-12,137169,4918,220
613,Study with me + My revision method - Cambridge University medical student VLOG #30,2018-04-10,309962,7714,319
614,How to Study for Exams - Spaced Repetition | Evidence-based revision tips,2018-04-09,1990503,88107,1901
615,Finding out my Foundation Year Jobs - Quick update,2018-04-05,13528,665,85
616,How to study for exams - Evidence-based revision tips,2018-04-04,5007202,235727,5355
617,Pakistan Society Ball - Cambridge University medical student VLOG #28,2018-04-02,102492,2994,221
618,Exam Revision Tips with Ibz Mo,2018-03-24,114546,3648,162
619,"Q & A - 5,000 Subscribers!",2018-03-21,24170,882,79
620,What happens after medical school - UK medical training explained,2018-03-14,189845,7002,346
621,A day on GP placement - Cambridge University medical student VLOG #27,2018-03-10,20681,706,42
622,Monthly Favourites #2 - Ali Abdaal,2018-03-07,14843,502,32
623,Lacrosse and A&E - Cambridge University medical student VLOG #26,2018-03-03,17551,439,24
624,Breaking Bad News / Death & Dying - Cambridge medical student VLOG #25,2018-02-24,54367,1688,47
625,Another Day of Fun (La La Land) - The Prion King | Addenbrooke‚Äôs Hospital Pantomime 2018,2018-02-21,7025,126,2
626,Medicine Application - No offers?,2018-02-17,23906,679,46
627,Monthly Favourites #1 - Ali Abdaal,2018-02-14,15009,470,36
628,Life Support Training - Cambridge University medical student VLOG #24,2018-02-10,11330,254,18
629,Flying a drone around Iceland - Winter VLOG,2018-01-31,13427,413,41
630,Charlie Gard - Medical Ethics and Law,2018-01-27,95317,2412,85
631,Christmas in the Cotswolds - Cambridge University medical student VLOG #23,2018-01-20,11101,322,18
632,Legalising Assisted Suicide? - Medical Ethics and Law,2018-01-17,62260,1526,99
633,My 2018 university Desk Setup - Cambridge medical student,2018-01-13,442428,10348,499
634,Euthanasia - Medical Ethics and Law at the end of life,2018-01-10,150346,3695,137
635,"Magic, pizza and SJT - Cambridge University medical student VLOG #22",2018-01-06,18942,554,29
636,Preparing for the SJT - Cambridge University medical student VLOG #21,2018-01-03,14700,328,14
637,Finishing finals - Cambridge University medical student VLOG #20,2017-12-24,18288,530,24
638,Procrastinating before finals - Cambridge University medical student VLOG #19,2017-12-23,22333,506,15
639,Singing carols in the hospital - Cambridge University medical student VLOG #18,2017-12-22,8410,269,7
640,"Consent, Capacity and Jehovah's Witnesses - Medical Ethics & Law for interviews",2017-12-21,145460,3784,152
641,Finals study sesh - Cambridge University medical student VLOG #17,2017-12-16,13047,301,4
642,How to answer Medical Ethics interview questions,2017-12-14,214254,6167,192
643,A&E Night Shift - Cambridge University medical student VLOG #16,2017-12-09,51602,1390,45
644,"Medicine Interview Questions - How to answer ""What's your biggest weakness?""",2017-12-06,134845,3253,59
645,Ambulance Day - Cambridge University medical student VLOG #15,2017-12-02,15549,486,14
646,"Medicine Interview Questions - How to answer ""Why should we choose you?""",2017-11-29,233550,6598,102
647,Students' Wilderness Medicine UK Conference - Cambridge University medical student VLOG #14,2017-11-25,8004,265,12
648,Oxbridge Medicine Interview - Q&A,2017-11-21,23697,666,28
649,Speaking at a Medical Tech Conference - Cambridge University medical student VLOG #13,2017-11-18,10665,344,6
650,Medicine Interview Tips - Dealing with Nerves,2017-11-15,21120,806,25
651,Malignant haematology supervision - Cambridge University medical student VLOG #12,2017-11-11,22025,555,22
652,Medicine Interview Tips - Talking about Work Experience,2017-11-08,50814,1565,44
653,Clinical School Pantomime audition - Cambridge University medical student VLOG #11,2017-11-02,7787,252,8
654,Oxbridge Medicine Interview - 15 Tips (Oxford / Cambridge),2017-10-28,23362,704,19
655,6 tips for Medicine MMIs - Multiple Mini Interviews,2017-10-24,94833,1842,27
656,Speaking on Live TV - Cambridge University medical student VLOG #10,2017-10-21,20045,481,22
657,Cambridge Medicine Interview - Experiences of 8 students,2017-10-17,31073,755,27
658,"Interview Tips - How to answer ""Why Medicine?""",2017-10-15,289035,7624,199
659,My first lecture for medical students - Cambridge University medical student VLOG #09,2017-10-12,30020,676,24
660,How to prepare for Medicine Interviews,2017-10-05,76694,2572,50
661,"Applying to Medicine at Oxford or Cambridge - Questions to ask yourself, open days, stereotypes",2017-10-01,72072,1694,107
662,Cambridge International Mental Health Conference - Cambridge University medical student VLOG #08,2017-09-30,13618,425,14
663,Apple picking in the Queen's orchards - Cambridge University medical student VLOG #07,2017-09-26,8941,286,5
664,How to write a Medicine Personal Statement - 13 tips,2017-09-23,47110,1893,31
665,"Obstetrics, Gynaecology and Baking - Cambridge University medical student VLOG #06",2017-09-22,14205,354,9
666,A day on Senior Medicine placement - Cambridge University medical student VLOG #05,2017-09-20,10713,278,4
667,Midnight Medical Emergency  - Cambridge University medical student VLOG #04,2017-09-15,11277,272,7
668,Wilderness Medicine Expedition - Cambridge University medical student VLOG #03,2017-09-11,15235,353,7
669,Journey to placement - Cambridge University medical student VLOG #02,2017-09-07,24703,622,16
670,Final year begins - Cambridge University medical student VLOG #01,2017-09-02,52703,1161,28
671,BMAT Section 3 Essay - Everything you need to know | BMAT Tips series,2017-08-30,66388,1810,150
672,The best day! Motorbiking up the coast of Vietnam - Cambridge Medical Elective #12,2017-08-24,5665,160,8
673,Tailored suits in Hoi An (Vietnam) - Cambridge Medical Elective #11,2017-08-19,4416,123,6
674,Ho Chi Minh City (Vietnam) - Cambridge Medical Elective #10,2017-08-19,7698,183,9
675,Temples of Siem Reap (Cambodia) - Cambridge Medical Elective #09,2017-08-16,2718,90,9
676,The Bat Caves of Battambang (Cambodia) - Cambridge Medical Elective #08,2017-08-12,3286,102,7
677,AirBnB Tour + Offered Drugs (Cambodia) - Cambridge Medical Elective #07,2017-08-11,8130,173,11
678,BMAT Section 2 Maths - 3 tips to boost your score | BMAT Tips Series,2017-08-10,29216,653,20
679,Sunset over Phnom Penh (Cambodia) - Cambridge Medical Elective #06,2017-08-08,3291,121,3
680,Animating the prototype | Medical Students Making an App - Episode 5,2017-08-06,6866,144,9
681,Coffee & Sushi (Cambodia) - Cambridge Medical Elective #05,2017-08-04,6436,163,5
682,How to design an app | Medical Students Making an App - Episode 4,2017-08-03,16238,484,14
683,The Temple in the Sky (Cambodia) - Cambridge Medical Elective #04,2017-08-01,5054,161,10
684,How to make a website in 5 minutes | Medical Students Making an App - Episode 3,2017-07-31,20481,522,17
685,WE HAVE A COOL NAME | Medical Students Making an App - Episode 2,2017-07-28,7522,101,3
686,We're trying something new... | Medical Students Making an App - Episode 1,2017-07-26,20084,289,7
687,5 Star Hotel Poolside (Cambodia) - Cambridge Medical Elective #03,2017-07-23,17990,365,26
688,BMAT Section 2 Chemistry - How to speed up your calculations | BMAT Tips series,2017-07-19,27525,574,11
689,The Children's Surgical Centre (Cambodia) - Cambridge Medial Elective #02,2017-07-18,11002,311,15
690,Why I'm starting a Vlog - Cambridge Medical Elective #01,2017-07-15,32387,1014,96
691,How to prepare for BMAT Section 2 Chemistry | BMAT Tips series,2017-07-12,19243,290,9
692,How to prepare for BMAT Section 2 Biology | BMAT Tips series,2017-07-04,19748,361,13
693,"How to prepare for BMAT Section 2 Physics, even if you're not doing it at A-Level | BMAT Tips series",2017-06-24,39176,730,30
694,BMAT Section 2 - Everything you need to know | BMAT Tips series,2017-06-22,50389,930,43
695,BMAT Section 1 - Everything you need to know | BMAT Tips series,2017-06-20,211371,3617,125
696,The Man Who Can't Be Moved (The Script) - Duranka Perera & Ali Abdaal acoustic cover,2017-04-30,12085,260,13
697,How to Save a Life (The Fray) - Duranka Perera cover,2017-04-23,9026,157,15
698,Let It Go (James Bay) + Stitches (Shawn Mendes) Mashup - Sam Ahmed [Esayem Music] & Suhail Idrees,2017-02-26,10816,148,8
699,When I Was Your Man (Bruno Mars) - Duranka Perera cover,2017-01-28,19826,265,19
700,Payphone (Maroon 5) - Katherine Macfarland & Ali Abdaal acoustic cover,2017-01-04,86743,2161,123
701,6med UKCAT Crash Course - In a Nutshell,2016-05-09,15683,113,5
702,6med BMAT Crash Course - In a Nutshell,2016-04-27,38724,285,9
703,Rolling in the Deep (Adele) - Duranka Perera & Ali Abdaal acoustic cover,2016-04-05,57493,720,33
704,All of Me (John Legend) - Duranka Perera,2016-03-27,119637,1484,141
